epoch,accuracy,learning_rate,loss,val_accuracy,val_loss,val_makro_f1
0,0.6857273578643799,0.0010000000474974513,0.6537207365036011,0.8769429922103882,0.34689491987228394,0.8561780676976665
1,0.8483531475067139,0.0010000000474974513,0.3096340596675873,0.8976684212684631,0.26203569769859314,0.8803140155156065
2,0.8808325529098511,0.0010000000474974513,0.27010729908943176,0.8808290362358093,0.28049689531326294,0.8581097720770107
3,0.8808325529098511,0.0010000000474974513,0.26639413833618164,0.909326434135437,0.2279869168996811,0.8928446259827925
4,0.8895242214202881,0.0010000000474974513,0.24202404916286469,0.9028497338294983,0.23382645845413208,0.8931849735553986
5,0.8961573839187622,0.0010000000474974513,0.2388419806957245,0.9183937907218933,0.21129052340984344,0.906026712788582
6,0.9037054181098938,0.0010000000474974513,0.2223057746887207,0.9222797751426697,0.20457184314727783,0.9109931838450338
7,0.8989021182060242,0.0010000000474974513,0.21458294987678528,0.9170984625816345,0.20655249059200287,0.9018621833313724
8,0.9034766554832458,0.0010000000474974513,0.22847922146320343,0.9106217622756958,0.21092703938484192,0.8980352397670197
9,0.9071363210678101,0.0005000000237487257,0.19878025352954865,0.9235751032829285,0.19882510602474213,0.9120965901972564
10,0.9069076180458069,0.0005000000237487257,0.20979544520378113,0.9106217622756958,0.21014438569545746,0.8983194829178208
11,0.9030191898345947,0.0005000000237487257,0.2281893938779831,0.9158031344413757,0.20638000965118408,0.9034408258569698
12,0.8993595838546753,0.0002500000118743628,0.2163916379213333,0.9145077466964722,0.20596592128276825,0.9016571929919571
13,0.9055352210998535,0.0002500000118743628,0.20253926515579224,0.9196891188621521,0.20095323026180267,0.9090285094434942
14,0.9137694239616394,0.0001250000059371814,0.19971314072608948,0.9209844470024109,0.1995154321193695,0.9096670193410867
