Model,seme,Accuracy,Precision (macro),Recall (macro),F1 (macro),Recall COVID19,val macro F1,Trajanje (min)
CNN (od nule),42,0.937111801242236,0.9182100078508428,0.9436038183981413,0.9303398504735001,0.9827586206896551,0.9432,14.8
ResNet50,42,0.9417701863354038,0.9418016159532406,0.9364970359471325,0.9378294511362643,0.9224137931034483,0.945,7.9
DenseNet121,42,0.9503105590062112,0.9504499433613126,0.9444296119875938,0.9467939198019856,0.9396551724137931,0.9396,11.6
EfficientNet-B0,42,0.9309006211180124,0.9298001565574897,0.9206054314145712,0.9226212630762599,0.8793103448275862,0.9286,5.6
CNN (od nule) (optimizovan),42,0.9386645962732919,0.9240388518117792,0.9438848293122426,0.9335288018647813,0.9741379310344828,0.9528,24.6
DenseNet121 (optimizovan),42,0.9627329192546584,0.962051462374388,0.9675546102647387,0.9646336625319143,0.9913793103448276,0.961,17.9
EfficientNet-B0 (optimizovan),42,0.968167701863354,0.9743307899574426,0.9643287046313948,0.9691888696111869,0.9913793103448276,0.9639,11.2
ResNet50 (optimizovan),42,0.9635093167701864,0.9635090297084852,0.9679444738124969,0.9656000779863477,0.9913793103448276,0.9608,21.7
CNN (od nule),7,0.6801242236024845,0.6237537284167746,0.6761828698800193,0.6157299217438789,0.6724137931034483,0.6276,6.1
ResNet50,7,0.9386645962732919,0.9360385886797543,0.9500027247615516,0.9411573243891961,0.9655172413793104,0.9563,10.4
DenseNet121,7,0.9479813664596274,0.9455149066189366,0.9417638728000731,0.9417634907092918,0.9137931034482759,0.9422,12.0
EfficientNet-B0,7,0.937888198757764,0.934695496452666,0.936033985516143,0.933254494857023,0.9137931034482759,0.9402,5.7
CNN (od nule) (optimizovan),7,0.9518633540372671,0.9494039777588977,0.9443946141748244,0.9464958949671486,0.9827586206896551,0.9269,18.3
DenseNet121 (optimizovan),7,0.968944099378882,0.96860563471924,0.9719968409729498,0.9702105016114677,0.9913793103448276,0.9726,18.9
EfficientNet-B0 (optimizovan),7,0.9619565217391305,0.9625581075903152,0.9658414243908355,0.9641100832727242,0.9913793103448276,0.9628,12.0
ResNet50 (optimizovan),7,0.9604037267080745,0.9578813219042964,0.9572748270836633,0.9568249389216033,0.9482758620689655,0.9671,20.9
CNN (od nule),123,0.9145962732919255,0.9376273970972889,0.883162023227691,0.9034290608533758,0.9568965517241379,0.8993,7.4
ResNet50,123,0.9309006211180124,0.9298117366068684,0.9219287537407159,0.922357920109973,0.8793103448275862,0.9572,9.5
DenseNet121,123,0.952639751552795,0.952818683496448,0.9469225249570133,0.949222624972661,0.9396551724137931,0.9464,11.3
EfficientNet-B0,123,0.9324534161490683,0.9293358503860331,0.9308212410112024,0.9273845616184877,0.9051724137931034,0.9476,6.3
CNN (od nule) (optimizovan),123,0.9386645962732919,0.9269615807349182,0.9409122946966386,0.9336486825555955,0.9913793103448276,0.9353,13.3
DenseNet121 (optimizovan),123,0.9627329192546584,0.9631318248339525,0.9625872109234738,0.9626871091898789,0.9741379310344828,0.9722,17.2
EfficientNet-B0 (optimizovan),123,0.9658385093167702,0.964081406831577,0.9643096100961639,0.9640017929379049,0.9655172413793104,0.9746,8.2
ResNet50 (optimizovan),123,0.953416149068323,0.9508432829590047,0.962377531510224,0.9558281291517338,0.9827586206896551,0.9719,19.0
