,Accuracy,Accuracy,Precision (macro),Precision (macro),Recall (macro),Recall (macro),F1 (macro),F1 (macro),Recall COVID19,Recall COVID19,Trajanje (min),Trajanje (min)
,mean,std,mean,std,mean,std,mean,std,mean,std,mean,std
Model,,,,,,,,,,,,
DenseNet121 (optimizovan),0.9648,0.0036,0.9646,0.0035,0.9674,0.0047,0.9658,0.0039,0.9856,0.01,18.0,0.8544
EfficientNet-B0 (optimizovan),0.9653,0.0031,0.967,0.0064,0.9648,0.0009,0.9658,0.003,0.9828,0.0149,10.4667,2.0033
ResNet50 (optimizovan),0.9591,0.0052,0.9574,0.0063,0.9625,0.0053,0.9594,0.0054,0.9741,0.0228,20.5333,1.3868
DenseNet121,0.9503,0.0023,0.9496,0.0037,0.9444,0.0026,0.9459,0.0038,0.931,0.0149,11.6333,0.3512
CNN (od nule) (optimizovan),0.9431,0.0076,0.9335,0.0139,0.9431,0.0019,0.9379,0.0075,0.9828,0.0086,18.7333,5.6624
ResNet50,0.9371,0.0056,0.9359,0.006,0.9361,0.014,0.9338,0.01,0.9224,0.0431,9.2667,1.2662
EfficientNet-B0,0.9337,0.0037,0.9313,0.003,0.9292,0.0078,0.9278,0.0053,0.8994,0.0179,5.8667,0.3786
CNN (od nule),0.8439,0.1423,0.8265,0.1759,0.8343,0.1402,0.8165,0.1744,0.8707,0.1722,9.4333,4.6929
