Rang,dropout,neurona u glavi,optimizator,lr (faza 1),lr (faza 2),udeo odmrznutih,val macro F1
1,0.3,,adamw,0.0001,,,0.933
2,0.4,,adamw,0.0005,,,0.9296
3,0.2,,adam,0.0001,,,0.9233
4,0.1,,adam,0.0003,,,0.9204
5,0.1,,adam,0.0003,,,0.9167
6,0.4,,adam,0.0005,,,0.9163
7,0.2,,adamw,0.0005,,,0.9067
8,0.5,,adam,0.0001,,,0.9067
9,0.1,,adam,0.001,,,0.9055
10,0.2,,adamw,0.0003,,,0.8997
11,0.4,,adam,0.0005,,,0.8989
12,0.3,,adam,0.0003,,,0.8894
13,0.5,,adamw,0.0005,,,0.8885
14,0.3,,adam,0.001,,,0.8777
15,0.1,,adamw,0.0001,,,0.8671
16,0.5,,adam,0.0003,,,0.8652
17,0.4,,adam,0.0001,,,0.8572
18,0.2,,adam,0.0001,,,0.8446
19,0.5,,adam,0.0003,,,0.7893
20,0.3,,adam,0.0005,,,0.7397
