Model,Accuracy,Precision (macro),Recall (macro),F1 (macro),Precision (weighted),Recall (weighted),F1 (weighted),AUC (prosek),Recall COVID19,Trajanje (min),Parametara
ResNet50 (optimizovan) (isecen),0.9643,0.9645,0.9634,0.9638,0.9649,0.9643,0.9645,0.9953,0.9741,20.6,23593859
DenseNet121 (optimizovan),0.9612,0.9612,0.9636,0.9622,0.9619,0.9612,0.9614,0.996,0.9828,19.2,7169603
EfficientNet-B0 (optimizovan) (isecen),0.9604,0.9632,0.9574,0.9602,0.9606,0.9604,0.9605,0.994,0.9741,11.4,4379302
ResNet50 (optimizovan),0.9573,0.9551,0.9618,0.9579,0.9593,0.9573,0.9578,0.9954,0.9741,19.6,23593859
EfficientNet-B0 (optimizovan),0.9565,0.9558,0.9595,0.9573,0.9579,0.9565,0.9569,0.9962,0.9741,11.5,4379302
DenseNet121 (optimizovan) (isecen),0.9557,0.9615,0.9498,0.9555,0.9556,0.9557,0.9556,0.9933,0.9741,14.6,7169603
DenseNet121,0.9503,0.9504,0.9444,0.9468,0.952,0.9503,0.9508,0.9927,0.9397,11.6,7040579
EfficientNet-B0 (isecen),0.9503,0.9518,0.9414,0.9457,0.952,0.9503,0.9507,0.9918,0.9224,7.2,4053414
CNN (od nule),0.9503,0.9427,0.9418,0.9419,0.9499,0.9503,0.9499,0.9925,0.9741,14.5,1208419
DenseNet121 (isecen),0.9488,0.9541,0.9278,0.9401,0.9492,0.9488,0.9487,0.9925,0.9052,13.0,7040579
CNN (od nule) (optimizovan) (isecen),0.9418,0.9362,0.9408,0.9385,0.942,0.9418,0.9419,0.9886,0.9741,19.3,1208419
ResNet50,0.9402,0.9402,0.9357,0.9365,0.9437,0.9402,0.9411,0.9926,0.9224,8.0,23593859
ResNet50 (isecen),0.9511,0.9593,0.9173,0.9363,0.9517,0.9511,0.9508,0.9907,0.8534,10.1,23593859
CNN (od nule) (isecen),0.9418,0.9154,0.9425,0.9275,0.9424,0.9418,0.9417,0.9873,0.9914,14.4,1208419
EfficientNet-B0,0.9309,0.9298,0.9206,0.9226,0.936,0.9309,0.9319,0.9915,0.8793,5.5,4053414
CNN (od nule) (optimizovan),0.9107,0.8721,0.9022,0.8797,0.9138,0.9107,0.9089,0.9742,1.0,12.1,1208419
